{"message": "Starting make_predictions function", "_timestamp": 1687533985.7050428, "_runtime": 1.4236788749694824, "_step": 1, "predictions": [130000, 130000, 61800, 130000, 130000, 130000, 64500, 130000, 130000, 130000, 130000, 130000, 130000, 64500, 130000, 130000, 130000, 61800, 130000, 130000, 61800, 130000, 130000, 64500, 130000, 61800, 130000, 130000, 64500, 130000, 64500, 64500, 64500, 64500, 130000, 130000, 61800, 64500, 130000, 130000, 64500, 130000, 130000, 61800, 130000, 130000, 130000, 130000, 130000, 210000, 210000, 130000, 130000, 130000, 130000, 130000, 130000, 130000, 130000, 130000, 130000, 130000, 130000, 64500, 130000, 130000, 64500, 130000, 130000, 130000, 130000, 64500, 64500, 64500, 64500, 130000, 64500, 130000, 130000, 130000, 210000, 61800, 61800, 64500, 61800, 130000, 61800, 61800, 130000, 64500, 130000, 130000, 130000, 64500, 130000, 64500, 64500, 210000, 130000, 64500, 130000, 64500, 130000, 130000, 64500, 64500, 130000, 130000, 130000, 130000, 130000, 64500, 130000, 130000, 130000, 64500, 130000, 130000, 210000, 130000, 130000, 130000, 130000, 64500, 61800, 210000, 130000, 61800, 130000, 130000, 64500, 64500, 130000, 130000, 130000, 130000, 130000, 130000, 130000, 210000, 130000, 61800, 130000, 130000, 64500, 130000, 130000, 64500, 64500, 64500, 64500, 64500, 130000, 130000, 64500, 64500, 64500, 64500, 64500, 64500, 64500, 130000, 130000, 170000, 11000000, 130000, 64500, 130000, 130000, 64500, 210000, 210000, 64500, 130000, 130000, 130000, 130000, 130000, 130000, 61800, 130000, 130000, 210000, 61800, 61800, 130000, 130000, 130000, 64500, 64500, 130000, 130000, 61800, 130000, 130000, 130000, 61800, 64500, 260500, 61800, 130000, 130000, 130000, 130000, 130000, 130000, 170000, 130000, 130000, 130000, 130000, 130000, 130000, 130000, 130000, 130000, 130000, 130000, 130000, 130000, 130000, 130000, 130000, 130000, 130000, 130000, 130000, 64500, 64500, 61800, 130000, 130000, 130000, 130000, 130000, 130000, 64500, 64500, 64500, 130000, 160000, 130000, 130000, 130000, 130000, 130000, 130000, 64500, 130000, 130000, 130000, 130000, 130000, 64500, 130000, 64500, 130000, 130000, 130000, 210000, 130000, 64500, 130000, 64500, 130000, 130000, 130000, 130000, 130000, 61800, 130000, 130000, 130000, 130000, 130000, 130000, 210000, 130000, 130000, 210000, 210000, 130000, 130000, 130000, 130000, 130000, 130000, 130000, 130000, 130000, 130000, 130000, 170000, 64500, 130000, 130000, 130000, 64500, 64500, 64500, 130000, 130000, 64500, 130000, 61800, 64500, 130000, 130000, 64500, 130000, 130000, 130000, 64500, 130000, 130000, 130000, 130000, 64500, 105000, 130000, 64500, 130000, 64500, 64500, 130000, 64500, 64500, 130000, 130000, 130000, 210000, 64500, 130000, 64500, 130000, 130000, 64500, 130000, 130000, 34320, 130000, 130000, 130000, 130000, 130000, 130000, 130000, 80000, 130000, 61800, 61800, 130000, 130000, 130000, 130000, 64500, 130000, 130000, 130000, 130000, 130000, 130000, 130000, 105000, 64500, 130000, 170000, 170000, 170000, 170000, 170000, 170000, 105000, 170000, 170000, 170000, 105000, 105000, 105000, 170000, 160000, 170000, 170000, 105000, 170000, 170000, 260500, 105000, 170000, 260500, 260500, 170000, 170000, 105000, 170000, 170000, 105000, 170000, 170000, 170000, 170000, 170000, 105000, 105000, 170000, 170000, 170000, 160000, 105000, 105000, 170000, 160000, 160000, 170000, 170000, 170000, 170000, 170000, 170000, 105000, 105000, 105000, 105000, 105000, 160000, 160000, 170000, 170000, 170000, 170000, 170000, 170000, 170000, 170000, 170000, 170000, 170000, 170000, 170000, 170000, 170000, 170000, 105000, 170000, 170000, 170000, 170000, 105000, 170000, 170000, 170000, 170000, 170000, 170000, 105000, 160000, 170000, 105000, 105000, 170000, 105000, 170000, 170000, 170000, 170000, 170000, 105000, 170000, 170000, 170000, 170000, 170000, 170000, 170000, 170000, 105000, 170000, 170000, 170000, 160000, 170000, 170000, 105000, 170000, 170000, 170000, 170000, 170000, 170000, 105000, 170000, 105000, 170000, 105000, 170000, 260500, 260500, 160000, 170000, 170000, 170000, 170000, 170000, 160000, 170000, 170000, 170000, 34320, 170000, 170000, 260500, 160000, 170000, 170000, 170000, 170000, 170000, 170000, 170000, 170000, 105000, 170000, 105000, 105000, 50000, 170000, 170000, 105000, 170000, 170000, 170000, 170000, 170000, 170000, 170000, 170000, 170000, 105000, 105000, 105000, 170000, 170000, 105000, 170000, 170000, 105000, 170000, 50000, 105000, 170000, 170000, 170000, 260500, 170000, 170000, 170000, 170000, 170000, 170000, 160000, 170000, 170000, 170000, 105000, 170000, 170000, 160000, 170000, 7500, 105000, 170000, 170000, 105000, 260500, 260500, 160000, 105000, 105000, 170000, 170000, 170000, 50000, 170000, 170000, 170000, 105000, 105000, 170000, 170000, 260500, 170000, 180000, 170000, 170000, 105000, 105000, 170000, 170000, 160000, 105000, 170000, 105000, 260500, 170000, 170000, 170000, 170000, 170000, 170000, 160000, 170000, 170000, 170000, 170000, 160000, 170000, 105000, 260500, 105000, 170000, 170000, 160000, 105000, 170000, 170000, 170000, 170000, 160000, 105000, 105000, 170000, 170000, 170000, 170000, 105000, 170000, 170000, 1000000, 170000, 105000, 170000, 170000, 170000, 170000, 170000, 105000, 170000, 170000, 105000, 105000, 105000, 170000, 105000, 105000, 11000000, 105000, 170000, 105000, 170000, 170000, 170000, 105000, 170000, 260500, 260500, 170000, 170000, 170000, 170000, 170000, 170000, 170000, 170000, 170000, 170000, 170000, 170000, 170000, 170000, 105000, 170000, 170000, 105000, 160000, 170000, 170000, 170000, 170000, 170000, 170000, 170000, 170000, 170000, 170000, 160000, 170000, 170000, 170000, 80000, 11000000, 50000, 34320, 80000, 50000, 11000000, 80000, 11000000, 11000000, 1000000, 11000000, 110000, 80000, 11000000, 450000, 180000, 100000, 80000, 80000, 50000, 11000000, 11000000, 450000, 80000, 50000, 50000, 1000000, 50000, 110000, 80000, 80000, 110000, 11000000, 11000000, 50000, 50000, 11000000, 450000, 11000000, 11000000, 11000000, 450000, 180000, 450000, 80000, 11000000, 100000, 11000000, 50000, 80000, 11000000, 1000000], "_wandb": {"runtime": 0}}