{"acc": 0.8766628317112696, "loss": 0.08253901624574651, "_timestamp": 1687533005.235281, "_runtime": 1.02659010887146, "_step": 7, "_wandb": {"runtime": 0}}