{"message": "Starting make_predictions function", "_timestamp": 1687534473.532779, "_runtime": 1.5084850788116455, "_step": 1, "predictions": {"_type": "histogram", "values": [723, 5, 4, 0, 0, 0, 0, 0, 0, 0, 0, 0, 0, 0, 0, 0, 0, 0, 0, 0, 0, 0, 0, 0, 0, 0, 0, 0, 0, 0, 0, 19], "bins": [7500.0, 351015.625, 694531.25, 1038046.875, 1381562.5, 1725078.125, 2068593.75, 2412109.375, 2755625.0, 3099140.625, 3442656.25, 3786171.875, 4129687.5, 4473203.125, 4816718.75, 5160234.375, 5503750.0, 5847265.625, 6190781.25, 6534296.875, 6877812.5, 7221328.125, 7564843.75, 7908359.375, 8251875.0, 8595390.625, 8938906.25, 9282421.875, 9625937.5, 9969453.125, 10312968.75, 10656484.375, 11000000.0]}, "_wandb": {"runtime": 0}}